0,WCWidth.java,WCWidth-wcwidth,11,170,13,15,2,1
1,WCWidth.java,WCWidth-wcwidth,11,170,17,23,2,0
2,WCWidth.java,WCWidth-wcwidth,11,170,56,84,2,0
3,WCWidth.java,WCWidth-combining,11,170,88,137,1,0
4,WCWidth.java,WCWidth-bisearch,11,170,150,167,2,0
5,WCWidth.java,Interval-first,139,147,140,140,1,0
6,WCWidth.java,Interval-last,139,147,141,141,1,0
7,WCWidth.java,Interval-Interval,139,147,143,146,2,0
8,ConsoleReader.java,ConsoleReader-JLINE_NOBELL,58,2839,60,60,1,1
9,ConsoleReader.java,ConsoleReader-JLINE_ESC_TIMEOUT,58,2839,61,61,1,1
10,ConsoleReader.java,ConsoleReader-JLINE_INPUTRC,58,2839,62,62,1,1
11,ConsoleReader.java,ConsoleReader-INPUT_RC,58,2839,63,63,1,1
12,ConsoleReader.java,ConsoleReader-DEFAULT_INPUT_RC,58,2839,64,64,1,1
13,ConsoleReader.java,ConsoleReader-BACKSPACE,58,2839,65,65,1,1
14,ConsoleReader.java,ConsoleReader-RESET_LINE,58,2839,66,66,1,1
15,ConsoleReader.java,ConsoleReader-KEYBOARD_BELL,58,2839,67,67,1,1
16,ConsoleReader.java,ConsoleReader-NULL_MASK,58,2839,69,69,1,1
17,ConsoleReader.java,ConsoleReader-TAB_WIDTH,58,2839,71,71,1,1
18,ConsoleReader.java,ConsoleReader-resources,58,2839,73,74,1,1
19,ConsoleReader.java,ConsoleReader-terminal,58,2839,76,76,1,1
20,ConsoleReader.java,ConsoleReader-out,58,2839,77,77,1,1
21,ConsoleReader.java,ConsoleReader-buf,58,2839,78,78,1,1
22,ConsoleReader.java,ConsoleReader-prompt,58,2839,79,79,1,1
23,ConsoleReader.java,ConsoleReader-promptLen,58,2839,80,80,1,1
24,ConsoleReader.java,ConsoleReader-expandEvents,58,2839,81,81,1,1
25,ConsoleReader.java,ConsoleReader-bellEnabled,58,2839,82,82,1,1
26,ConsoleReader.java,ConsoleReader-handleUserInterrupt,58,2839,83,83,1,1
27,ConsoleReader.java,ConsoleReader-handleLitteralNext,58,2839,84,84,1,1
28,ConsoleReader.java,ConsoleReader-mask,58,2839,85,85,1,1
29,ConsoleReader.java,ConsoleReader-echoCharacter,58,2839,86,86,1,1
30,ConsoleReader.java,ConsoleReader-searchTerm,58,2839,87,87,1,1
31,ConsoleReader.java,ConsoleReader-previousSearchTerm,58,2839,88,88,1,1
32,ConsoleReader.java,ConsoleReader-searchIndex,58,2839,89,89,1,1
33,ConsoleReader.java,ConsoleReader-parenBlinkTimeout,58,2839,90,90,1,1
34,ConsoleReader.java,ConsoleReader-in,58,2839,96,96,1,1
35,ConsoleReader.java,ConsoleReader-escapeTimeout,58,2839,97,97,1,1
36,ConsoleReader.java,ConsoleReader-reader,58,2839,98,98,1,1
37,ConsoleReader.java,ConsoleReader-isUnitTestInput,58,2839,103,103,1,1
38,ConsoleReader.java,ConsoleReader-charSearchChar,58,2839,107,107,1,1
39,ConsoleReader.java,ConsoleReader-charSearchLastInvokeChar,58,2839,108,108,1,1
40,ConsoleReader.java,ConsoleReader-charSearchFirstInvokeChar,58,2839,109,109,1,1
41,ConsoleReader.java,ConsoleReader-yankBuffer,58,2839,113,113,1,1
42,ConsoleReader.java,ConsoleReader-killRing,58,2839,114,114,1,1
43,ConsoleReader.java,ConsoleReader-encoding,58,2839,115,115,1,1
44,ConsoleReader.java,ConsoleReader-quotedInsert,58,2839,116,116,1,1
45,ConsoleReader.java,ConsoleReader-recording,58,2839,117,117,1,1
46,ConsoleReader.java,ConsoleReader-macro,58,2839,118,118,1,1
47,ConsoleReader.java,ConsoleReader-appName,58,2839,119,119,1,1
48,ConsoleReader.java,ConsoleReader-inputrcUrl,58,2839,120,120,1,1
49,ConsoleReader.java,ConsoleReader-consoleKeys,58,2839,121,121,1,1
50,ConsoleReader.java,ConsoleReader-commentBegin,58,2839,122,122,1,1
51,ConsoleReader.java,ConsoleReader-skipLF,58,2839,123,123,1,1
52,ConsoleReader.java,ConsoleReader-copyPasteDetection,58,2839,131,131,1,1
53,ConsoleReader.java,ConsoleReader-state,58,2839,135,135,1,1
54,ConsoleReader.java,ConsoleReader-ConsoleReader,58,2839,162,164,2,1
55,ConsoleReader.java,ConsoleReader-ConsoleReader,58,2839,165,167,2,1
56,ConsoleReader.java,ConsoleReader-ConsoleReader,58,2839,168,170,2,1
57,ConsoleReader.java,ConsoleReader-ConsoleReader,58,2839,171,173,2,1
58,ConsoleReader.java,ConsoleReader-ConsoleReader,58,2839,174,185,2,1
59,ConsoleReader.java,ConsoleReader-getInputRc,58,2839,186,197,2,1
60,ConsoleReader.java,ConsoleReader-getKeys,58,2839,198,200,2,1
61,ConsoleReader.java,ConsoleReader-setInput,58,2839,201,230,2,1
62,ConsoleReader.java,ConsoleReader-shutdown,58,2839,236,240,2,1
63,ConsoleReader.java,ConsoleReader-finalize,58,2839,245,252,2,1
64,ConsoleReader.java,ConsoleReader-getInput,58,2839,253,255,2,1
65,ConsoleReader.java,ConsoleReader-getOutput,58,2839,256,258,2,1
66,ConsoleReader.java,ConsoleReader-getTerminal,58,2839,259,261,2,1
67,ConsoleReader.java,ConsoleReader-getCursorBuffer,58,2839,262,264,2,1
68,ConsoleReader.java,ConsoleReader-setExpandEvents,58,2839,265,267,2,1
69,ConsoleReader.java,ConsoleReader-getExpandEvents,58,2839,268,270,2,1
70,ConsoleReader.java,ConsoleReader-setCopyPasteDetection,58,2839,277,279,2,1
71,ConsoleReader.java,ConsoleReader-isCopyPasteDetectionEnabled,58,2839,283,285,2,1
72,ConsoleReader.java,ConsoleReader-setBellEnabled,58,2839,292,294,2,1
73,ConsoleReader.java,ConsoleReader-getBellEnabled,58,2839,301,303,2,1
74,ConsoleReader.java,ConsoleReader-setHandleUserInterrupt,58,2839,312,315,2,1
75,ConsoleReader.java,ConsoleReader-getHandleUserInterrupt,58,2839,322,325,2,1
76,ConsoleReader.java,ConsoleReader-setHandleLitteralNext,58,2839,331,333,2,1
77,ConsoleReader.java,ConsoleReader-getHandleLitteralNext,58,2839,339,341,2,1
78,ConsoleReader.java,ConsoleReader-setCommentBegin,58,2839,348,350,2,1
79,ConsoleReader.java,ConsoleReader-getCommentBegin,58,2839,356,365,2,1
80,ConsoleReader.java,ConsoleReader-setPrompt,58,2839,367,370,2,1
81,ConsoleReader.java,ConsoleReader-getPrompt,58,2839,372,374,2,1
82,ConsoleReader.java,ConsoleReader-setEchoCharacter,58,2839,398,400,2,1
83,ConsoleReader.java,ConsoleReader-getEchoCharacter,58,2839,404,406,2,1
84,ConsoleReader.java,ConsoleReader-resetLine,58,2839,412,428,2,1
85,ConsoleReader.java,ConsoleReader-getCursorPosition,58,2839,429,432,2,1
86,ConsoleReader.java,ConsoleReader-lastLine,58,2839,439,446,2,1
87,ConsoleReader.java,ConsoleReader-stripAnsi,58,2839,447,458,2,1
88,ConsoleReader.java,ConsoleReader-setCursorPosition,58,2839,462,467,2,1
89,ConsoleReader.java,ConsoleReader-setBuffer,58,2839,474,499,2,1
90,ConsoleReader.java,ConsoleReader-setBuffer,58,2839,500,502,2,1
91,ConsoleReader.java,ConsoleReader-setBufferKeepPos,58,2839,503,507,2,1
92,ConsoleReader.java,ConsoleReader-setBufferKeepPos,58,2839,508,510,2,1
93,ConsoleReader.java,ConsoleReader-drawLine,58,2839,514,525,2,1
94,ConsoleReader.java,ConsoleReader-redrawLine,58,2839,529,533,2,1
95,ConsoleReader.java,ConsoleReader-finishBuffer,58,2839,539,571,2,1
96,ConsoleReader.java,ConsoleReader-expandEvents,58,2839,577,731,2,1
97,ConsoleReader.java,ConsoleReader-putString,58,2839,735,746,2,1
98,ConsoleReader.java,ConsoleReader-drawBuffer,58,2839,753,797,2,1
99,ConsoleReader.java,ConsoleReader-drawBuffer,58,2839,802,804,2,1
100,ConsoleReader.java,ConsoleReader-clearAhead,58,2839,813,847,2,1
101,ConsoleReader.java,ConsoleReader-back,58,2839,851,868,2,1
102,ConsoleReader.java,ConsoleReader-flush,58,2839,873,875,2,1
103,ConsoleReader.java,ConsoleReader-backspaceAll,58,2839,876,878,2,1
104,ConsoleReader.java,ConsoleReader-backspace,58,2839,884,919,2,1
105,ConsoleReader.java,ConsoleReader-backspace,58,2839,925,927,2,1
106,ConsoleReader.java,ConsoleReader-moveToEnd,58,2839,928,933,2,1
107,ConsoleReader.java,ConsoleReader-deleteCurrentCharacter,58,2839,937,944,2,1
108,ConsoleReader.java,ConsoleReader-viDeleteChangeYankToRemap,58,2839,954,978,2,1
109,ConsoleReader.java,ConsoleReader-viRubout,58,2839,985,991,2,1
110,ConsoleReader.java,ConsoleReader-viDelete,58,2839,999,1005,2,1
111,ConsoleReader.java,ConsoleReader-viChangeCase,58,2839,1015,1033,2,1
112,ConsoleReader.java,ConsoleReader-viChangeChar,58,2839,1042,1059,2,1
113,ConsoleReader.java,ConsoleReader-viPreviousWord,58,2839,1070,1090,2,1
114,ConsoleReader.java,ConsoleReader-viDeleteTo,58,2839,1102,1125,2,1
115,ConsoleReader.java,ConsoleReader-viYankTo,58,2839,1136,1154,2,1
116,ConsoleReader.java,ConsoleReader-viPut,58,2839,1163,1175,2,1
117,ConsoleReader.java,ConsoleReader-viCharSearch,58,2839,1184,1268,2,1
118,ConsoleReader.java,ConsoleReader-switchCase,58,2839,1269,1274,2,1
119,ConsoleReader.java,ConsoleReader-isInViMoveOperationState,58,2839,1279,1283,2,1
120,ConsoleReader.java,ConsoleReader-viNextWord,58,2839,1293,1315,2,1
121,ConsoleReader.java,ConsoleReader-viEndWord,58,2839,1327,1346,2,1
122,ConsoleReader.java,ConsoleReader-previousWord,58,2839,1347,1355,2,1
123,ConsoleReader.java,ConsoleReader-nextWord,58,2839,1356,1364,2,1
124,ConsoleReader.java,ConsoleReader-unixWordRubout,58,2839,1375,1403,2,1
125,ConsoleReader.java,ConsoleReader-insertComment,58,2839,1404,1412,2,1
126,ConsoleReader.java,ConsoleReader-insert,58,2839,1423,1437,2,1
127,ConsoleReader.java,ConsoleReader-viSearch,58,2839,1443,1594,2,1
128,ConsoleReader.java,ConsoleReader-setParenBlinkTimeout,58,2839,1595,1597,2,1
129,ConsoleReader.java,ConsoleReader-insertClose,58,2839,1598,1607,2,1
130,ConsoleReader.java,ConsoleReader-viMatch,58,2839,1616,1648,2,1
131,ConsoleReader.java,ConsoleReader-getBracketType,58,2839,1656,1667,2,1
132,ConsoleReader.java,ConsoleReader-deletePreviousWord,58,2839,1668,1688,2,1
133,ConsoleReader.java,ConsoleReader-deleteNextWord,58,2839,1689,1709,2,1
134,ConsoleReader.java,ConsoleReader-capitalizeWord,58,2839,1710,1722,2,1
135,ConsoleReader.java,ConsoleReader-upCaseWord,58,2839,1723,1733,2,1
136,ConsoleReader.java,ConsoleReader-downCaseWord,58,2839,1734,1744,2,1
137,ConsoleReader.java,ConsoleReader-transposeChars,58,2839,1755,1771,2,1
138,ConsoleReader.java,ConsoleReader-isKeyMap,58,2839,1772,1783,2,1
139,ConsoleReader.java,ConsoleReader-accept,58,2839,1791,1796,2,1
140,ConsoleReader.java,ConsoleReader-abort,58,2839,1797,1802,2,1
141,ConsoleReader.java,ConsoleReader-moveCursor,58,2839,1809,1825,2,1
142,ConsoleReader.java,ConsoleReader-moveInternal,58,2839,1831,1885,2,1
143,ConsoleReader.java,ConsoleReader-replace,58,2839,1888,1900,2,1
144,ConsoleReader.java,ConsoleReader-readCharacter,58,2839,1906,1908,2,1
145,ConsoleReader.java,ConsoleReader-readCharacter,58,2839,1915,1939,2,1
146,ConsoleReader.java,ConsoleReader-clearEcho,58,2839,1943,1955,2,1
147,ConsoleReader.java,ConsoleReader-countEchoCharacters,58,2839,1956,1967,2,1
148,ConsoleReader.java,ConsoleReader-getPrintableCharacters,58,2839,1976,2009,2,1
149,ConsoleReader.java,ConsoleReader-readCharacter,58,2839,2010,2012,2,1
150,ConsoleReader.java,ConsoleReader-readCharacter,58,2839,2013,2021,2,1
151,ConsoleReader.java,ConsoleReader-JLINE_COMPLETION_THRESHOLD,58,2839,2025,2025,1,1
152,ConsoleReader.java,ConsoleReader-readLine,58,2839,2032,2034,2,1
153,ConsoleReader.java,ConsoleReader-readLine,58,2839,2039,2041,2,1
154,ConsoleReader.java,ConsoleReader-readLine,58,2839,2042,2044,2,1
155,ConsoleReader.java,ConsoleReader-setKeyMap,58,2839,2052,2054,2,1
156,ConsoleReader.java,ConsoleReader-getKeyMap,58,2839,2061,2063,2,1
157,ConsoleReader.java,ConsoleReader-readLine,58,2839,2072,2830,2,1
158,ConsoleReader.java,ConsoleReader-readLineSimple,58,2839,2843,2870,2,1
159,ConsoleReader.java,ConsoleReader-completers,58,2839,2874,2874,1,1
160,ConsoleReader.java,ConsoleReader-completionHandler,58,2839,2875,2875,1,1
161,ConsoleReader.java,ConsoleReader-addCompleter,58,2839,2882,2884,2,1
162,ConsoleReader.java,ConsoleReader-removeCompleter,58,2839,2891,2893,2,1
163,ConsoleReader.java,ConsoleReader-getCompleters,58,2839,2897,2899,2,1
164,ConsoleReader.java,ConsoleReader-setCompletionHandler,58,2839,2900,2902,2,1
165,ConsoleReader.java,ConsoleReader-getCompletionHandler,58,2839,2903,2905,2,1
166,ConsoleReader.java,ConsoleReader-complete,58,2839,2911,2926,2,1
167,ConsoleReader.java,ConsoleReader-printCompletionCandidates,58,2839,2927,2942,2,1
168,ConsoleReader.java,ConsoleReader-autoprintThreshold,58,2839,2947,2947,1,1
169,ConsoleReader.java,ConsoleReader-setAutoprintThreshold,58,2839,2951,2953,2,1
170,ConsoleReader.java,ConsoleReader-getAutoprintThreshold,58,2839,2957,2959,2,1
171,ConsoleReader.java,ConsoleReader-paginationEnabled,58,2839,2960,2960,1,1
172,ConsoleReader.java,ConsoleReader-setPaginationEnabled,58,2839,2964,2966,2,1
173,ConsoleReader.java,ConsoleReader-isPaginationEnabled,58,2839,2970,2972,2,1
174,ConsoleReader.java,ConsoleReader-history,58,2839,2976,2976,1,1
175,ConsoleReader.java,ConsoleReader-setHistory,58,2839,2977,2979,2,1
176,ConsoleReader.java,ConsoleReader-getHistory,58,2839,2980,2982,2,1
177,ConsoleReader.java,ConsoleReader-historyEnabled,58,2839,2983,2983,1,1
178,ConsoleReader.java,ConsoleReader-setHistoryEnabled,58,2839,2987,2989,2,1
179,ConsoleReader.java,ConsoleReader-isHistoryEnabled,58,2839,2993,2995,2,1
180,ConsoleReader.java,ConsoleReader-moveHistory,58,2839,3005,3011,2,1
181,ConsoleReader.java,ConsoleReader-moveHistory,58,2839,3015,3024,2,1
182,ConsoleReader.java,ConsoleReader-CR,58,2839,3028,3028,1,1
183,ConsoleReader.java,ConsoleReader-print,58,2839,3033,3042,2,1
184,ConsoleReader.java,ConsoleReader-print,58,2839,3047,3078,2,1
185,ConsoleReader.java,ConsoleReader-print,58,2839,3080,3089,2,1
186,ConsoleReader.java,ConsoleReader-print,58,2839,3094,3096,2,1
187,ConsoleReader.java,ConsoleReader-println,58,2839,3098,3101,2,1
188,ConsoleReader.java,ConsoleReader-println,58,2839,3106,3109,2,1
189,ConsoleReader.java,ConsoleReader-delete,58,2839,3118,3125,2,1
190,ConsoleReader.java,ConsoleReader-killLine,58,2839,3131,3147,2,1
191,ConsoleReader.java,ConsoleReader-yank,58,2839,3148,3155,2,1
192,ConsoleReader.java,ConsoleReader-yankPop,58,2839,3156,3173,2,1
193,ConsoleReader.java,ConsoleReader-clearScreen,58,2839,3177,3186,2,1
194,ConsoleReader.java,ConsoleReader-beep,58,2839,3190,3196,2,1
195,ConsoleReader.java,ConsoleReader-paste,58,2839,3202,3262,2,1
196,ConsoleReader.java,ConsoleReader-addTriggeredAction,58,2839,3269,3271,2,1
197,ConsoleReader.java,ConsoleReader-printColumns,58,2839,3278,3331,2,1
198,ConsoleReader.java,ConsoleReader-maskThread,58,2839,3335,3335,1,1
199,ConsoleReader.java,ConsoleReader-beforeReadLine,58,2839,3336,3366,2,1
200,ConsoleReader.java,ConsoleReader-afterReadLine,58,2839,3367,3372,2,1
201,ConsoleReader.java,ConsoleReader-resetPromptLine,58,2839,3384,3403,2,1
202,ConsoleReader.java,ConsoleReader-printSearchStatus,58,2839,3404,3406,2,1
203,ConsoleReader.java,ConsoleReader-printForwardSearchStatus,58,2839,3407,3409,2,1
204,ConsoleReader.java,ConsoleReader-printSearchStatus,58,2839,3410,3414,2,1
205,ConsoleReader.java,ConsoleReader-restoreLine,58,2839,3415,3420,2,1
206,ConsoleReader.java,ConsoleReader-searchBackwards,58,2839,3431,3433,2,1
207,ConsoleReader.java,ConsoleReader-searchBackwards,58,2839,3440,3442,2,1
208,ConsoleReader.java,ConsoleReader-searchBackwards,58,2839,3443,3458,2,1
209,ConsoleReader.java,ConsoleReader-searchForwards,58,2839,3466,3468,2,1
210,ConsoleReader.java,ConsoleReader-searchForwards,58,2839,3475,3477,2,1
211,ConsoleReader.java,ConsoleReader-searchForwards,58,2839,3478,3499,2,1
212,ConsoleReader.java,ConsoleReader-isDelimiter,58,2839,3510,3512,2,1
213,ConsoleReader.java,ConsoleReader-isWhitespace,58,2839,3522,3524,2,1
214,ConsoleReader.java,ConsoleReader-printAnsiSequence,58,2839,3526,3531,2,1
